Run_Name,Timestamp,SNR,DL_Mbps,UL_Mbps,Elapsed_Seconds
run_005_20260615_174819,2026-06-15 17:48:31,13.0,0.0,0.0,0.0
run_005_20260615_174819,2026-06-15 17:48:32,13.0,0.064,0.044,1.0
run_005_20260615_174819,2026-06-15 17:48:33,13.0,0.0,0.0,2.0
run_005_20260615_174819,2026-06-15 17:48:34,11.0,0.047,0.057,3.0
run_005_20260615_174819,2026-06-15 17:48:35,11.0,0.0,0.0,4.0
run_005_20260615_174819,2026-06-15 17:48:36,11.0,0.013,0.015,5.0
run_005_20260615_174819,2026-06-15 17:48:37,14.0,0.0,0.0,6.0
run_005_20260615_174819,2026-06-15 17:48:38,14.0,0.017,0.025,7.0
run_005_20260615_174819,2026-06-15 17:48:39,20.0,0.0,0.0,8.0
run_005_20260615_174819,2026-06-15 17:48:40,20.0,0.001,0.002,9.0
run_005_20260615_174819,2026-06-15 17:48:41,12.0,0.0,0.0,10.0
run_005_20260615_174819,2026-06-15 17:48:42,12.0,16.214,0.286,11.0
run_005_20260615_174819,2026-06-15 17:48:43,13.0,306.895,1.02,12.0
run_005_20260615_174819,2026-06-15 17:48:44,13.0,460.389,0.638,13.0
run_005_20260615_174819,2026-06-15 17:48:45,13.0,430.242,0.778,14.0
run_005_20260615_174819,2026-06-15 17:48:46,13.0,412.06,0.745,15.0
run_005_20260615_174819,2026-06-15 17:48:47,12.0,0.0,0.678,16.0
run_005_20260615_174819,2026-06-15 17:48:48,12.0,383.264,0.762,17.0
run_005_20260615_174819,2026-06-15 17:48:49,13.0,0.0,0.607,18.0
run_005_20260615_174819,2026-06-15 17:48:50,13.0,0.0,0.0,19.0
run_005_20260615_174819,2026-06-15 17:48:51,13.0,404.083,4.681,20.0
run_005_20260615_174819,2026-06-15 17:48:52,12.0,0.0,0.0,21.0
run_005_20260615_174819,2026-06-15 17:48:53,13.0,0.553,51.016,22.0
run_005_20260615_174819,2026-06-15 17:48:54,13.0,0.0,0.0,23.0
run_005_20260615_174819,2026-06-15 17:48:55,13.0,0.54,57.636,24.0
run_005_20260615_174819,2026-06-15 17:48:56,13.0,0.239,19.815,25.0
run_005_20260615_174819,2026-06-15 17:48:57,12.0,0.276,27.224,26.0
run_005_20260615_174819,2026-06-15 17:48:58,12.0,0.0,0.0,27.0
run_005_20260615_174819,2026-06-15 17:48:59,13.0,0.253,29.243,28.0
run_005_20260615_174819,2026-06-15 17:49:00,13.0,0.011,0.023,29.0
run_005_20260615_174819,2026-06-15 17:49:01,11.0,0.0,0.0,30.0
run_005_20260615_174819,2026-06-15 17:49:02,11.0,0.008,0.004,31.0
run_005_20260615_174819,2026-06-15 17:49:03,13.0,0.0,0.0,32.0
run_005_20260615_174819,2026-06-15 17:49:03,13.0,0.0,0.0,32.0
run_005_20260615_174819,2026-06-15 17:49:04,13.0,0.01,0.01,33.0
run_005_20260615_174819,2026-06-15 17:49:05,12.0,0.0,0.0,34.0
run_005_20260615_174819,2026-06-15 17:49:06,12.0,0.0,0.0,35.0
run_005_20260615_174819,2026-06-15 17:49:07,12.0,0.045,0.132,36.0
run_005_20260615_174819,2026-06-15 17:49:08,13.0,0.0,0.006,37.0
run_001_20260615_172242,2026-06-15 17:22:55,16.0,0.042,0.011,0.0
run_001_20260615_172242,2026-06-15 17:22:56,16.0,0.048,0.021,1.0
run_001_20260615_172242,2026-06-15 17:22:57,13.0,0.0,0.0,2.0
run_001_20260615_172242,2026-06-15 17:22:58,13.0,0.035,0.052,3.0
run_001_20260615_172242,2026-06-15 17:22:59,13.0,0.0,0.0,4.0
run_001_20260615_172242,2026-06-15 17:23:00,13.0,0.03,0.026,5.0
run_001_20260615_172242,2026-06-15 17:23:01,14.0,0.015,0.019,6.0
run_001_20260615_172242,2026-06-15 17:23:02,14.0,0.004,0.003,7.0
run_001_20260615_172242,2026-06-15 17:23:03,14.0,0.0,0.0,8.0
run_001_20260615_172242,2026-06-15 17:23:04,13.0,0.0,0.0,9.0
run_001_20260615_172242,2026-06-15 17:23:05,13.0,0.0,0.001,10.0
run_001_20260615_172242,2026-06-15 17:23:06,9.0,0.0,0.0,11.0
run_001_20260615_172242,2026-06-15 17:23:07,9.0,6.377,0.194,12.0
run_001_20260615_172242,2026-06-15 17:23:08,18.0,99.733,1.228,13.0
run_001_20260615_172242,2026-06-15 17:23:09,18.0,169.089,1.073,14.0
run_001_20260615_172242,2026-06-15 17:23:10,16.0,247.183,0.536,15.0
run_001_20260615_172242,2026-06-15 17:23:11,16.0,0.0,0.0,16.0
run_001_20260615_172242,2026-06-15 17:23:12,10.0,763.58,1.875,17.0
run_001_20260615_172242,2026-06-15 17:23:13,10.0,0.0,0.0,18.0
run_001_20260615_172242,2026-06-15 17:23:14,10.0,634.409,1.424,19.0
run_001_20260615_172242,2026-06-15 17:23:15,14.0,0.0,0.0,20.0
run_001_20260615_172242,2026-06-15 17:23:16,14.0,502.797,1.423,21.0
run_001_20260615_172242,2026-06-15 17:23:17,15.0,0.0,0.0,22.0
run_001_20260615_172242,2026-06-15 17:23:18,15.0,582.518,1.52,23.0
run_001_20260615_172242,2026-06-15 17:23:19,16.0,0.0,0.0,24.0
run_001_20260615_172242,2026-06-15 17:23:20,16.0,0.451,31.939,25.0
run_001_20260615_172242,2026-06-15 17:23:21,14.0,0.0,0.0,26.0
run_001_20260615_172242,2026-06-15 17:23:22,14.0,0.521,39.455,27.0
run_001_20260615_172242,2026-06-15 17:23:23,14.0,0.257,21.772,28.0
run_001_20260615_172242,2026-06-15 17:23:24,14.0,0.247,19.594,29.0
run_001_20260615_172242,2026-06-15 17:23:25,14.0,0.253,20.997,30.0
run_001_20260615_172242,2026-06-15 17:23:26,15.0,0.257,23.732,31.0
run_001_20260615_172242,2026-06-15 17:23:27,15.0,0.258,21.908,32.0
run_001_20260615_172242,2026-06-15 17:23:28,16.0,0.239,19.099,33.0
run_001_20260615_172242,2026-06-15 17:23:29,16.0,0.0,0.0,34.0
run_001_20260615_172242,2026-06-15 17:23:30,16.0,0.435,35.07,35.0
run_001_20260615_172242,2026-06-15 17:23:31,15.0,0.0,0.0,36.0
run_001_20260615_172242,2026-06-15 17:23:32,15.0,0.019,0.031,37.0
run_001_20260615_172242,2026-06-15 17:23:33,10.0,0.0,0.0,38.0
run_001_20260615_172242,2026-06-15 17:23:34,10.0,0.041,0.047,39.0
run_001_20260615_172242,2026-06-15 17:23:35,11.0,0.0,0.0,40.0
run_001_20260615_172242,2026-06-15 17:23:36,11.0,0.005,0.004,41.0
run_001_20260615_172242,2026-06-15 17:23:37,11.0,0.001,0.001,42.0
run_001_20260615_172242,2026-06-15 17:23:38,13.0,0.034,0.008,43.0
run_001_20260615_172242,2026-06-15 17:23:39,13.0,0.0,0.0,44.0
run_008_20260615_180701,2026-06-15 18:07:14,11.0,0.0,0.0,0.0
run_008_20260615_180701,2026-06-15 18:07:15,11.0,0.052,0.063,1.0
run_008_20260615_180701,2026-06-15 18:07:16,11.0,0.0,0.0,2.0
run_008_20260615_180701,2026-06-15 18:07:17,11.0,0.015,0.016,3.0
run_008_20260615_180701,2026-06-15 18:07:18,11.0,0.0,0.0,4.0
run_008_20260615_180701,2026-06-15 18:07:19,11.0,0.021,0.028,5.0
run_008_20260615_180701,2026-06-15 18:07:20,11.0,0.015,0.019,6.0
run_008_20260615_180701,2026-06-15 18:07:21,10.0,0.001,0.001,7.0
run_008_20260615_180701,2026-06-15 18:07:22,10.0,0.0,0.0,8.0
run_008_20260615_180701,2026-06-15 18:07:23,11.0,0.001,0.001,9.0
run_008_20260615_180701,2026-06-15 18:07:24,11.0,0.0,0.0,10.0
run_008_20260615_180701,2026-06-15 18:07:25,12.0,160.11,1.42,11.0
run_008_20260615_180701,2026-06-15 18:07:26,12.0,0.0,0.0,12.0
run_008_20260615_180701,2026-06-15 18:07:27,12.0,256.964,0.9,13.0
run_008_20260615_180701,2026-06-15 18:07:28,12.0,127.644,0.434,14.0
run_008_20260615_180701,2026-06-15 18:07:29,12.0,0.0,0.0,15.0
run_008_20260615_180701,2026-06-15 18:07:30,12.0,248.58,0.933,16.0
run_008_20260615_180701,2026-06-15 18:07:31,20.0,120.74,0.56,17.0
run_008_20260615_180701,2026-06-15 18:07:32,20.0,0.0,0.0,18.0
run_008_20260615_180701,2026-06-15 18:07:33,20.0,211.954,0.895,19.0
run_008_20260615_180701,2026-06-15 18:07:34,8.0,122.576,0.459,20.0
run_008_20260615_180701,2026-06-15 18:07:35,8.0,118.811,0.364,21.0
run_008_20260615_180701,2026-06-15 18:07:36,5.0,0.0,0.0,22.0
run_008_20260615_180701,2026-06-15 18:07:37,5.0,0.433,33.573,23.0
run_008_20260615_180701,2026-06-15 18:07:38,11.0,0.297,24.416,24.0
run_008_20260615_180701,2026-06-15 18:07:39,11.0,0.0,0.0,25.0
run_008_20260615_180701,2026-06-15 18:07:40,13.0,0.544,48.298,26.0
run_008_20260615_180701,2026-06-15 18:07:41,13.0,0.0,0.0,27.0
run_008_20260615_180701,2026-06-15 18:07:42,15.0,0.098,0.073,28.0
run_008_20260615_180701,2026-06-15 18:07:43,15.0,0.0,0.0,29.0
run_008_20260615_180701,2026-06-15 18:07:44,13.0,0.092,0.06,30.0
run_008_20260615_180701,2026-06-15 18:07:45,13.0,0.0,0.0,31.0
run_008_20260615_180701,2026-06-15 18:07:46,13.0,0.006,0.005,32.0
run_008_20260615_180701,2026-06-15 18:07:47,13.0,0.0,0.0,33.0
run_008_20260615_180701,2026-06-15 18:07:48,13.0,0.0,0.0,34.0
run_008_20260615_180701,2026-06-15 18:07:49,14.0,0.0,0.0,35.0
run_008_20260615_180701,2026-06-15 18:07:50,14.0,0.05,0.125,36.0
run_000_20260615_171616,2026-06-15 17:16:37,13.0,0.0,0.0,0.0
run_000_20260615_171616,2026-06-15 17:16:38,13.0,0.013,0.014,1.0
run_000_20260615_171616,2026-06-15 17:16:39,13.0,0.019,0.022,2.0
run_000_20260615_171616,2026-06-15 17:16:40,13.0,0.0,0.0,3.0
run_000_20260615_171616,2026-06-15 17:16:41,13.0,0.0,0.0,4.0
run_000_20260615_171616,2026-06-15 17:16:42,11.0,0.0,0.0,5.0
run_000_20260615_171616,2026-06-15 17:16:43,11.0,0.003,0.004,6.0
run_000_20260615_171616,2026-06-15 17:16:44,11.0,0.0,0.0,7.0
run_000_20260615_171616,2026-06-15 17:16:45,13.0,14.996,0.324,8.0
run_000_20260615_171616,2026-06-15 17:16:46,13.0,154.715,2.919,9.0
run_000_20260615_171616,2026-06-15 17:16:47,11.0,0.0,0.0,10.0
run_000_20260615_171616,2026-06-15 17:16:47,11.0,0.0,0.0,10.0
run_000_20260615_171616,2026-06-15 17:16:48,11.0,761.456,1.356,11.0
run_000_20260615_171616,2026-06-15 17:16:49,18.0,385.065,0.786,12.0
run_000_20260615_171616,2026-06-15 17:16:50,18.0,0.0,0.0,13.0
run_000_20260615_171616,2026-06-15 17:16:51,20.0,731.395,1.702,14.0
run_000_20260615_171616,2026-06-15 17:16:52,20.0,303.683,0.611,15.0
run_000_20260615_171616,2026-06-15 17:16:53,19.0,0.0,0.0,16.0
run_000_20260615_171616,2026-06-15 17:16:54,19.0,669.396,1.097,17.0
run_000_20260615_171616,2026-06-15 17:16:55,12.0,354.3,0.754,18.0
run_000_20260615_171616,2026-06-15 17:16:56,12.0,0.0,0.0,19.0
run_000_20260615_171616,2026-06-15 17:16:57,12.0,14.711,17.767,20.0
run_000_20260615_171616,2026-06-15 17:16:58,12.0,0.258,13.118,21.0
run_000_20260615_171616,2026-06-15 17:16:59,11.0,0.0,0.0,22.0
run_000_20260615_171616,2026-06-15 17:17:00,11.0,0.48,28.451,23.0
run_000_20260615_171616,2026-06-15 17:17:01,11.0,0.229,13.87,24.0
run_000_20260615_171616,2026-06-15 17:17:02,11.0,0.0,0.0,25.0
run_000_20260615_171616,2026-06-15 17:17:03,13.0,0.503,35.791,26.0
run_000_20260615_171616,2026-06-15 17:17:04,13.0,0.0,0.0,27.0
run_000_20260615_171616,2026-06-15 17:17:05,15.0,0.521,42.41,28.0
run_000_20260615_171616,2026-06-15 17:17:06,15.0,0.251,22.543,29.0
run_000_20260615_171616,2026-06-15 17:17:07,15.0,0.0,0.0,30.0
run_000_20260615_171616,2026-06-15 17:17:08,10.0,0.499,38.158,31.0
run_000_20260615_171616,2026-06-15 17:17:09,10.0,0.0,0.0,32.0
run_000_20260615_171616,2026-06-15 17:17:10,10.0,0.483,32.073,33.0
run_000_20260615_171616,2026-06-15 17:17:11,10.0,0.0,0.0,34.0
run_000_20260615_171616,2026-06-15 17:17:12,10.0,0.297,19.033,35.0
run_000_20260615_171616,2026-06-15 17:17:13,10.0,0.0,0.0,36.0
run_000_20260615_171616,2026-06-15 17:17:14,13.0,0.002,0.001,37.0
run_000_20260615_171616,2026-06-15 17:17:15,17.0,0.0,0.0,38.0
run_000_20260615_171616,2026-06-15 17:17:16,17.0,0.006,0.005,39.0
run_000_20260615_171616,2026-06-15 17:17:17,11.0,0.0,0.0,40.0
run_000_20260615_171616,2026-06-15 17:17:18,11.0,0.0,0.0,41.0
run_000_20260615_171616,2026-06-15 17:17:19,12.0,0.039,0.137,42.0
run_000_20260615_171616,2026-06-15 17:17:20,12.0,0.0,0.0,43.0
run_000_20260615_171616,2026-06-15 17:17:21,12.0,0.007,0.002,44.0
run_004_20260615_174146,2026-06-15 17:41:54,14.0,0.005,0.004,0.0
run_004_20260615_174146,2026-06-15 17:41:54,13.0,0.005,0.004,0.0
run_004_20260615_174146,2026-06-15 17:41:55,13.0,0.0,0.0,1.0
run_004_20260615_174146,2026-06-15 17:41:56,14.0,0.043,0.011,2.0
run_004_20260615_174146,2026-06-15 17:41:57,14.0,0.0,0.0,3.0
run_004_20260615_174146,2026-06-15 17:41:58,14.0,0.05,0.025,4.0
run_004_20260615_174146,2026-06-15 17:41:59,14.0,0.045,0.058,5.0
run_004_20260615_174146,2026-06-15 17:42:00,13.0,0.0,0.0,6.0
run_004_20260615_174146,2026-06-15 17:42:01,13.0,0.016,0.016,7.0
run_004_20260615_174146,2026-06-15 17:42:02,13.0,0.0,0.0,8.0
run_004_20260615_174146,2026-06-15 17:42:03,13.0,0.014,0.016,9.0
run_004_20260615_174146,2026-06-15 17:42:04,13.0,0.0,0.0,10.0
run_004_20260615_174146,2026-06-15 17:42:05,14.0,0.007,0.007,11.0
run_004_20260615_174146,2026-06-15 17:42:06,14.0,0.0,0.0,12.0
run_004_20260615_174146,2026-06-15 17:42:07,13.0,0.673,0.562,13.0
run_004_20260615_174146,2026-06-15 17:42:08,13.0,30.696,0.446,14.0
run_004_20260615_174146,2026-06-15 17:42:09,13.0,0.0,0.0,15.0
run_004_20260615_174146,2026-06-15 17:42:10,13.0,640.315,1.479,16.0
run_004_20260615_174146,2026-06-15 17:42:11,13.0,362.155,0.776,17.0
run_004_20260615_174146,2026-06-15 17:42:12,13.0,0.0,0.0,18.0
run_004_20260615_174146,2026-06-15 17:42:13,14.0,579.278,1.451,19.0
run_004_20260615_174146,2026-06-15 17:42:14,14.0,0.0,0.0,20.0
run_004_20260615_174146,2026-06-15 17:42:15,14.0,782.742,1.247,21.0
run_004_20260615_174146,2026-06-15 17:42:16,14.0,0.0,0.0,22.0
run_004_20260615_174146,2026-06-15 17:42:17,13.0,761.964,1.003,23.0
run_004_20260615_174146,2026-06-15 17:42:18,13.0,360.555,0.481,24.0
run_004_20260615_174146,2026-06-15 17:42:19,14.0,0.0,0.0,25.0
run_004_20260615_174146,2026-06-15 17:42:20,14.0,718.601,0.844,26.0
run_004_20260615_174146,2026-06-15 17:42:21,14.0,401.833,0.565,27.0
run_004_20260615_174146,2026-06-15 17:42:22,14.0,0.0,0.0,28.0
run_004_20260615_174146,2026-06-15 17:42:23,14.0,770.21,1.175,29.0
run_004_20260615_174146,2026-06-15 17:42:24,14.0,0.0,0.0,30.0
run_004_20260615_174146,2026-06-15 17:42:25,14.0,31.823,51.214,31.0
run_004_20260615_174146,2026-06-15 17:42:26,14.0,0.28,27.382,32.0
run_004_20260615_174146,2026-06-15 17:42:27,13.0,0.255,22.73,33.0
run_004_20260615_174146,2026-06-15 17:42:28,13.0,0.26,24.75,34.0
run_004_20260615_174146,2026-06-15 17:42:29,13.0,0.267,26.288,35.0
run_004_20260615_174146,2026-06-15 17:42:30,13.0,0.0,0.0,36.0
run_004_20260615_174146,2026-06-15 17:42:31,13.0,0.555,55.491,37.0
run_004_20260615_174146,2026-06-15 17:42:32,13.0,0.555,55.491,38.0
run_004_20260615_174146,2026-06-15 17:42:32,14.0,0.31,29.961,38.0
run_004_20260615_174146,2026-06-15 17:42:33,14.0,0.249,26.048,39.0
run_004_20260615_174146,2026-06-15 17:42:34,14.0,0.263,29.731,40.0
run_004_20260615_174146,2026-06-15 17:42:35,14.0,0.0,0.0,41.0
run_004_20260615_174146,2026-06-15 17:42:36,14.0,0.522,58.066,42.0
run_004_20260615_174146,2026-06-15 17:42:37,14.0,0.25,24.417,43.0
run_004_20260615_174146,2026-06-15 17:42:38,15.0,0.0,0.0,44.0
run_004_20260615_174146,2026-06-15 17:42:39,15.0,0.424,43.41,45.0
run_004_20260615_174146,2026-06-15 17:42:40,13.0,0.0,0.0,46.0
run_004_20260615_174146,2026-06-15 17:42:41,13.0,0.002,0.001,47.0
run_004_20260615_174146,2026-06-15 17:42:42,14.0,0.0,0.0,48.0
run_004_20260615_174146,2026-06-15 17:42:43,14.0,0.0,0.0,49.0
run_004_20260615_174146,2026-06-15 17:42:44,14.0,0.0,0.0,50.0
run_004_20260615_174146,2026-06-15 17:42:45,13.0,0.005,0.004,51.0
run_004_20260615_174146,2026-06-15 17:42:46,13.0,0.073,0.043,52.0
run_004_20260615_174146,2026-06-15 17:42:47,13.0,0.0,0.0,53.0
run_007_20260615_180043,2026-06-15 18:01:00,12.0,0.0,0.0,0.0
run_007_20260615_180043,2026-06-15 18:01:00,11.0,0.0,0.0,0.0
run_007_20260615_180043,2026-06-15 18:01:01,11.0,0.001,0.001,1.0
run_007_20260615_180043,2026-06-15 18:01:02,12.0,0.0,0.0,2.0
run_007_20260615_180043,2026-06-15 18:01:03,12.0,0.017,0.026,3.0
run_007_20260615_180043,2026-06-15 18:01:04,12.0,0.0,0.0,4.0
run_007_20260615_180043,2026-06-15 18:01:05,12.0,34.183,0.385,5.0
run_007_20260615_180043,2026-06-15 18:01:06,11.0,0.0,0.0,6.0
run_007_20260615_180043,2026-06-15 18:01:07,11.0,794.906,2.013,7.0
run_007_20260615_180043,2026-06-15 18:01:08,11.0,0.0,0.0,8.0
run_007_20260615_180043,2026-06-15 18:01:09,11.0,684.385,1.809,9.0
run_007_20260615_180043,2026-06-15 18:01:10,11.0,0.0,0.0,10.0
run_007_20260615_180043,2026-06-15 18:01:11,11.0,703.071,1.18,11.0
run_007_20260615_180043,2026-06-15 18:01:12,12.0,0.0,0.0,12.0
run_007_20260615_180043,2026-06-15 18:01:13,12.0,553.355,0.963,13.0
run_007_20260615_180043,2026-06-15 18:01:14,12.0,0.0,0.0,14.0
run_007_20260615_180043,2026-06-15 18:01:15,19.0,696.239,1.355,15.0
run_007_20260615_180043,2026-06-15 18:01:16,19.0,104.208,0.479,16.0
run_007_20260615_180043,2026-06-15 18:01:17,19.0,0.0,0.0,17.0
run_007_20260615_180043,2026-06-15 18:01:18,12.0,0.58,69.043,18.0
run_007_20260615_180043,2026-06-15 18:01:19,12.0,0.0,0.0,19.0
run_007_20260615_180043,2026-06-15 18:01:20,12.0,0.55,58.067,20.0
run_007_20260615_180043,2026-06-15 18:01:21,12.0,0.0,0.0,21.0
run_007_20260615_180043,2026-06-15 18:01:22,12.0,0.546,71.524,22.0
run_007_20260615_180043,2026-06-15 18:01:23,12.0,0.0,0.0,23.0
run_007_20260615_180043,2026-06-15 18:01:24,13.0,0.554,68.355,24.0
run_007_20260615_180043,2026-06-15 18:01:25,13.0,0.0,0.0,25.0
run_007_20260615_180043,2026-06-15 18:01:26,11.0,0.559,63.955,26.0
run_007_20260615_180043,2026-06-15 18:01:27,11.0,0.22,21.81,27.0
run_007_20260615_180043,2026-06-15 18:01:28,13.0,0.138,11.542,28.0
run_007_20260615_180043,2026-06-15 18:01:29,13.0,0.0,0.0,29.0
run_007_20260615_180043,2026-06-15 18:01:30,13.0,0.0,0.0,30.0
run_007_20260615_180043,2026-06-15 18:01:31,12.0,0.014,0.012,31.0
run_007_20260615_180043,2026-06-15 18:01:32,12.0,0.0,0.0,32.0
run_007_20260615_180043,2026-06-15 18:01:33,11.0,0.006,0.005,33.0
run_007_20260615_180043,2026-06-15 18:01:34,11.0,0.0,0.0,34.0
run_007_20260615_180043,2026-06-15 18:01:35,12.0,0.004,0.004,35.0
run_007_20260615_180043,2026-06-15 18:01:36,12.0,0.051,0.146,36.0
run_007_20260615_180043,2026-06-15 18:01:37,19.0,0.017,0.025,37.0
run_003_20260615_173518,2026-06-15 17:35:33,12.0,0.065,0.078,0.0
run_003_20260615_173518,2026-06-15 17:35:34,12.0,0.0,0.0,1.0
run_003_20260615_173518,2026-06-15 17:35:35,14.0,0.04,0.042,2.0
run_003_20260615_173518,2026-06-15 17:35:36,14.0,0.0,0.0,3.0
run_003_20260615_173518,2026-06-15 17:35:37,14.0,0.005,0.005,4.0
run_003_20260615_173518,2026-06-15 17:35:38,14.0,0.0,0.0,5.0
run_003_20260615_173518,2026-06-15 17:35:39,13.0,0.0,0.001,6.0
run_003_20260615_173518,2026-06-15 17:35:40,13.0,0.0,0.0,7.0
run_003_20260615_173518,2026-06-15 17:35:41,14.0,22.125,0.296,8.0
run_003_20260615_173518,2026-06-15 17:35:42,14.0,0.0,0.0,9.0
run_003_20260615_173518,2026-06-15 17:35:43,14.0,615.29,2.554,10.0
run_003_20260615_173518,2026-06-15 17:35:44,14.0,0.0,0.0,11.0
run_003_20260615_173518,2026-06-15 17:35:45,15.0,738.878,1.534,12.0
run_003_20260615_173518,2026-06-15 17:35:46,15.0,337.736,0.728,13.0
run_003_20260615_173518,2026-06-15 17:35:47,13.0,0.0,0.0,14.0
run_003_20260615_173518,2026-06-15 17:35:48,13.0,690.94,1.46,15.0
run_003_20260615_173518,2026-06-15 17:35:49,14.0,0.0,0.0,16.0
run_003_20260615_173518,2026-06-15 17:35:50,14.0,576.72,1.039,17.0
run_003_20260615_173518,2026-06-15 17:35:51,14.0,0.0,0.56,18.0
run_003_20260615_173518,2026-06-15 17:35:52,14.0,0.0,0.0,19.0
run_003_20260615_173518,2026-06-15 17:35:53,14.0,590.891,1.198,20.0
run_003_20260615_173518,2026-06-15 17:35:54,14.0,0.0,0.0,21.0
run_003_20260615_173518,2026-06-15 17:35:55,14.0,59.538,19.424,22.0
run_003_20260615_173518,2026-06-15 17:35:56,21.0,0.0,14.012,23.0
run_003_20260615_173518,2026-06-15 17:35:57,21.0,0.0,0.0,24.0
run_003_20260615_173518,2026-06-15 17:35:58,19.0,0.529,48.664,25.0
run_003_20260615_173518,2026-06-15 17:35:59,19.0,0.258,23.941,26.0
run_003_20260615_173518,2026-06-15 17:36:00,19.0,0.259,23.956,27.0
run_003_20260615_173518,2026-06-15 17:36:01,19.0,0.254,20.872,28.0
run_003_20260615_173518,2026-06-15 17:36:02,19.0,0.0,0.0,29.0
run_003_20260615_173518,2026-06-15 17:36:03,16.0,0.492,41.515,30.0
run_003_20260615_173518,2026-06-15 17:36:04,14.0,0.246,16.532,31.0
run_003_20260615_173518,2026-06-15 17:36:05,14.0,0.247,17.119,32.0
run_003_20260615_173518,2026-06-15 17:36:06,14.0,0.466,16.692,33.0
run_003_20260615_173518,2026-06-15 17:36:07,14.0,0.0,0.0,34.0
run_003_20260615_173518,2026-06-15 17:36:08,14.0,0.649,28.902,35.0
run_003_20260615_173518,2026-06-15 17:36:09,14.0,0.0,0.0,36.0
run_003_20260615_173518,2026-06-15 17:36:10,15.0,0.407,27.361,37.0
run_003_20260615_173518,2026-06-15 17:36:11,15.0,0.0,0.0,38.0
run_003_20260615_173518,2026-06-15 17:36:12,12.0,0.127,9.479,39.0
run_003_20260615_173518,2026-06-15 17:36:13,12.0,0.0,0.0,40.0
run_003_20260615_173518,2026-06-15 17:36:14,15.0,0.0,0.0,41.0
run_003_20260615_173518,2026-06-15 17:36:15,15.0,0.0,0.0,42.0
run_003_20260615_173518,2026-06-15 17:36:16,13.0,0.005,0.004,43.0
run_003_20260615_173518,2026-06-15 17:36:17,13.0,0.042,0.146,44.0
run_003_20260615_173518,2026-06-15 17:36:18,15.0,0.0,0.0,45.0
run_003_20260615_173518,2026-06-15 17:36:19,15.0,0.012,0.003,46.0
run_002_20260615_172902,2026-06-15 17:29:13,14.0,0.052,0.031,0.0
run_002_20260615_172902,2026-06-15 17:29:14,14.0,0.0,0.0,1.0
run_002_20260615_172902,2026-06-15 17:29:15,14.0,0.049,0.061,2.0
run_002_20260615_172902,2026-06-15 17:29:16,14.0,0.0,0.0,3.0
run_002_20260615_172902,2026-06-15 17:29:17,14.0,0.023,0.025,4.0
run_002_20260615_172902,2026-06-15 17:29:18,14.0,0.0,0.0,5.0
run_002_20260615_172902,2026-06-15 17:29:19,14.0,0.0,0.0,6.0
run_002_20260615_172902,2026-06-15 17:29:20,14.0,0.001,0.003,7.0
run_002_20260615_172902,2026-06-15 17:29:21,13.0,0.0,0.0,8.0
run_002_20260615_172902,2026-06-15 17:29:22,13.0,60.52,0.74,9.0
run_002_20260615_172902,2026-06-15 17:29:23,14.0,263.842,1.041,10.0
run_002_20260615_172902,2026-06-15 17:29:24,14.0,383.842,0.565,11.0
run_002_20260615_172902,2026-06-15 17:29:25,13.0,0.0,0.0,12.0
run_002_20260615_172902,2026-06-15 17:29:26,13.0,612.683,1.367,13.0
run_002_20260615_172902,2026-06-15 17:29:27,13.0,353.507,0.636,14.0
run_002_20260615_172902,2026-06-15 17:29:28,13.0,246.876,0.733,15.0
run_002_20260615_172902,2026-06-15 17:29:29,13.0,0.0,0.0,16.0
run_002_20260615_172902,2026-06-15 17:29:30,13.0,631.941,1.141,17.0
run_002_20260615_172902,2026-06-15 17:29:31,13.0,0.0,0.0,18.0
run_002_20260615_172902,2026-06-15 17:29:32,13.0,670.04,0.961,19.0
run_002_20260615_172902,2026-06-15 17:29:33,14.0,0.0,0.0,20.0
run_002_20260615_172902,2026-06-15 17:29:34,14.0,683.646,0.963,21.0
run_002_20260615_172902,2026-06-15 17:29:35,14.0,272.371,0.418,22.0
run_002_20260615_172902,2026-06-15 17:29:36,20.0,0.0,0.0,23.0
run_002_20260615_172902,2026-06-15 17:29:37,20.0,357.544,20.068,24.0
run_002_20260615_172902,2026-06-15 17:29:38,20.0,0.0,0.0,25.0
run_002_20260615_172902,2026-06-15 17:29:39,20.0,0.559,57.642,26.0
run_002_20260615_172902,2026-06-15 17:29:40,21.0,0.0,0.0,27.0
run_002_20260615_172902,2026-06-15 17:29:41,21.0,0.496,56.92,28.0
run_002_20260615_172902,2026-06-15 17:29:42,14.0,0.007,0.005,29.0
run_002_20260615_172902,2026-06-15 17:29:43,14.0,0.0,0.0,30.0
run_002_20260615_172902,2026-06-15 17:29:44,14.0,0.001,0.002,31.0
run_002_20260615_172902,2026-06-15 17:29:45,14.0,0.001,0.0,32.0
run_002_20260615_172902,2026-06-15 17:29:46,14.0,0.0,0.0,33.0
run_002_20260615_172902,2026-06-15 17:29:47,13.0,0.005,0.004,34.0
run_002_20260615_172902,2026-06-15 17:29:48,13.0,0.0,0.0,35.0
run_002_20260615_172902,2026-06-15 17:29:49,14.0,0.013,0.011,36.0
run_002_20260615_172902,2026-06-15 17:29:50,14.0,0.0,0.0,37.0
run_002_20260615_172902,2026-06-15 17:29:51,14.0,0.051,0.138,38.0
run_002_20260615_172902,2026-06-15 17:29:52,14.0,0.0,0.0,39.0
run_009_20260615_181306,2026-06-15 18:13:17,12.0,0.464,3.252,0.0
run_009_20260615_181306,2026-06-15 18:13:17,12.0,0.464,3.252,0.0
run_009_20260615_181306,2026-06-15 18:13:18,12.0,0.0,0.0,1.0
run_009_20260615_181306,2026-06-15 18:13:19,12.0,0.047,0.057,2.0
run_009_20260615_181306,2026-06-15 18:13:20,12.0,0.021,0.024,3.0
run_009_20260615_181306,2026-06-15 18:13:21,11.0,0.0,0.0,4.0
run_009_20260615_181306,2026-06-15 18:13:22,11.0,0.0,0.0,5.0
run_009_20260615_181306,2026-06-15 18:13:23,12.0,14.667,0.236,6.0
run_009_20260615_181306,2026-06-15 18:13:24,12.0,214.591,0.884,7.0
run_009_20260615_181306,2026-06-15 18:13:25,12.0,300.619,0.7,8.0
run_009_20260615_181306,2026-06-15 18:13:26,12.0,0.0,0.0,9.0
run_009_20260615_181306,2026-06-15 18:13:27,12.0,609.683,1.141,10.0
run_009_20260615_181306,2026-06-15 18:13:28,12.0,0.0,0.0,11.0
run_009_20260615_181306,2026-06-15 18:13:29,12.0,605.504,2.006,12.0
run_009_20260615_181306,2026-06-15 18:13:30,12.0,0.0,0.0,13.0
run_009_20260615_181306,2026-06-15 18:13:31,13.0,677.668,1.941,14.0
run_009_20260615_181306,2026-06-15 18:13:32,13.0,0.0,0.0,15.0
run_009_20260615_181306,2026-06-15 18:13:33,12.0,690.468,1.649,16.0
run_009_20260615_181306,2026-06-15 18:13:34,12.0,282.973,0.507,17.0
run_009_20260615_181306,2026-06-15 18:13:35,13.0,303.851,0.488,18.0
run_009_20260615_181306,2026-06-15 18:13:36,13.0,329.983,0.872,19.0
run_009_20260615_181306,2026-06-15 18:13:37,11.0,0.09,9.542,20.0
run_009_20260615_181306,2026-06-15 18:13:38,11.0,0.0,0.0,21.0
run_009_20260615_181306,2026-06-15 18:13:39,11.0,0.578,48.507,22.0
run_009_20260615_181306,2026-06-15 18:13:40,12.0,0.0,0.0,23.0
run_009_20260615_181306,2026-06-15 18:13:41,12.0,0.555,53.641,24.0
run_009_20260615_181306,2026-06-15 18:13:42,12.0,0.0,0.0,25.0
run_009_20260615_181306,2026-06-15 18:13:43,14.0,0.72,58.421,26.0
run_009_20260615_181306,2026-06-15 18:13:44,14.0,0.0,0.0,27.0
run_009_20260615_181306,2026-06-15 18:13:45,14.0,0.552,56.787,28.0
run_009_20260615_181306,2026-06-15 18:13:46,14.0,0.0,0.0,29.0
run_009_20260615_181306,2026-06-15 18:13:47,19.0,0.525,49.466,30.0
run_009_20260615_181306,2026-06-15 18:13:48,19.0,0.0,0.0,31.0
run_009_20260615_181306,2026-06-15 18:13:49,19.0,0.543,51.561,32.0
run_009_20260615_181306,2026-06-15 18:13:50,13.0,0.0,0.0,33.0
run_009_20260615_181306,2026-06-15 18:13:51,13.0,0.531,39.757,34.0
run_009_20260615_181306,2026-06-15 18:13:52,14.0,0.0,0.0,35.0
run_009_20260615_181306,2026-06-15 18:13:53,14.0,0.392,37.074,36.0
run_009_20260615_181306,2026-06-15 18:13:54,10.0,0.0,0.0,37.0
run_009_20260615_181306,2026-06-15 18:13:55,10.0,0.006,0.002,38.0
run_009_20260615_181306,2026-06-15 18:13:56,10.0,0.0,0.0,39.0
run_009_20260615_181306,2026-06-15 18:13:57,18.0,0.0,0.0,40.0
run_009_20260615_181306,2026-06-15 18:13:58,18.0,0.006,0.005,41.0
run_009_20260615_181306,2026-06-15 18:13:59,10.0,0.0,0.0,42.0
run_009_20260615_181306,2026-06-15 18:14:00,10.0,0.042,0.149,43.0
run_009_20260615_181306,2026-06-15 18:14:01,8.0,0.008,0.003,44.0
run_006_20260615_175430,2026-06-15 17:54:43,12.0,0.0,0.0,0.0
run_006_20260615_175430,2026-06-15 17:54:44,12.0,0.056,0.069,1.0
run_006_20260615_175430,2026-06-15 17:54:45,12.0,0.009,0.009,2.0
run_006_20260615_175430,2026-06-15 17:54:46,12.0,0.0,0.0,3.0
run_006_20260615_175430,2026-06-15 17:54:47,12.0,0.019,0.022,4.0
run_006_20260615_175430,2026-06-15 17:54:48,12.0,0.0,0.0,5.0
run_006_20260615_175430,2026-06-15 17:54:49,12.0,0.019,0.027,6.0
run_006_20260615_175430,2026-06-15 17:54:50,12.0,0.0,0.0,7.0
run_006_20260615_175430,2026-06-15 17:54:51,12.0,0.001,0.002,8.0
run_006_20260615_175430,2026-06-15 17:54:52,12.0,0.011,0.01,9.0
run_006_20260615_175430,2026-06-15 17:54:53,12.0,8.482,0.262,10.0
run_006_20260615_175430,2026-06-15 17:54:54,12.0,112.667,1.361,11.0
run_006_20260615_175430,2026-06-15 17:54:55,11.0,0.0,0.0,12.0
run_006_20260615_175430,2026-06-15 17:54:56,11.0,218.637,0.807,13.0
run_006_20260615_175430,2026-06-15 17:54:57,12.0,0.0,0.0,14.0
run_006_20260615_175430,2026-06-15 17:54:58,12.0,202.397,0.771,15.0
run_006_20260615_175430,2026-06-15 17:54:59,12.0,115.868,0.388,16.0
run_006_20260615_175430,2026-06-15 17:55:00,12.0,133.33,0.469,17.0
run_006_20260615_175430,2026-06-15 17:55:01,12.0,0.0,0.0,18.0
run_006_20260615_175430,2026-06-15 17:55:02,12.0,278.394,0.834,19.0
run_006_20260615_175430,2026-06-15 17:55:03,12.0,145.278,0.413,20.0
run_006_20260615_175430,2026-06-15 17:55:04,12.0,0.0,0.0,21.0
run_006_20260615_175430,2026-06-15 17:55:05,12.0,281.604,0.973,22.0
run_006_20260615_175430,2026-06-15 17:55:06,11.0,0.0,0.0,23.0
run_006_20260615_175430,2026-06-15 17:55:07,11.0,275.014,0.886,24.0
run_006_20260615_175430,2026-06-15 17:55:08,12.0,0.0,0.0,25.0
run_006_20260615_175430,2026-06-15 17:55:09,12.0,112.168,28.042,26.0
run_006_20260615_175430,2026-06-15 17:55:10,19.0,0.0,0.0,27.0
run_006_20260615_175430,2026-06-15 17:55:11,19.0,0.574,41.569,28.0
run_006_20260615_175430,2026-06-15 17:55:12,18.0,0.0,0.0,29.0
run_006_20260615_175430,2026-06-15 17:55:13,18.0,0.546,39.578,30.0
run_006_20260615_175430,2026-06-15 17:55:14,18.0,0.291,24.438,31.0
run_006_20260615_175430,2026-06-15 17:55:15,12.0,0.249,20.145,32.0
run_006_20260615_175430,2026-06-15 17:55:16,12.0,0.139,10.159,33.0
run_006_20260615_175430,2026-06-15 17:55:17,11.0,0.0,0.0,34.0
run_006_20260615_175430,2026-06-15 17:55:18,11.0,0.0,0.0,35.0
run_006_20260615_175430,2026-06-15 17:55:19,11.0,0.003,0.002,36.0
run_006_20260615_175430,2026-06-15 17:55:20,12.0,0.0,0.0,37.0
run_006_20260615_175430,2026-06-15 17:55:21,12.0,0.006,0.005,38.0
run_006_20260615_175430,2026-06-15 17:55:22,11.0,0.01,0.005,39.0
run_006_20260615_175430,2026-06-15 17:55:23,11.0,0.0,0.0,40.0
run_006_20260615_175430,2026-06-15 17:55:24,12.0,0.053,0.154,41.0
run_006_20260615_175430,2026-06-15 17:55:25,12.0,0.0,0.0,42.0
